{
  "system_info": {
    "platform": "Linux-6.1.102-x86_64-with-glibc2.39",
    "python_version": "3.12.3",
    "cpu_count": 2,
    "timestamp": "2025-08-15T22:55:12.965109"
  },
  "benchmark_results": {
    "Pipeline Metric Creation": {
      "iterations": 10000,
      "errors": 0,
      "min_time": 2.8160002329968847e-06,
      "max_time": 0.00030072399977143505,
      "mean_time": 3.2341765028832017e-06,
      "median_time": 2.9650000215042382e-06,
      "stdev_time": 4.0833052746452e-06,
      "ops_per_second": 309197.7197622086
    },
    "Failure Prediction": {
      "iterations": 1000,
      "errors": 0,
      "min_time": 2.0980000954295974e-06,
      "max_time": 2.7020999823434977e-05,
      "mean_time": 2.307822000602755e-06,
      "median_time": 2.2070003069529776e-06,
      "stdev_time": 1.3582937900574575e-06,
      "ops_per_second": 433308.98125540913
    },
    "Security Scanning": {
      "iterations": 100,
      "errors": 0,
      "min_time": 5.832800025018514e-05,
      "max_time": 0.0001024480002342898,
      "mean_time": 6.169559002501046e-05,
      "median_time": 5.89294998007972e-05,
      "stdev_time": 7.84654768198862e-06,
      "ops_per_second": 16208.613931637823
    },
    "Scaling Decision": {
      "iterations": 1000,
      "errors": 0,
      "min_time": 2.331999894522596e-06,
      "max_time": 3.274299979239004e-05,
      "mean_time": 2.8506329967967756e-06,
      "median_time": 2.4440000743197743e-06,
      "stdev_time": 2.014775930817303e-06,
      "ops_per_second": 350799.2790105527
    },
    "Quantum Optimization": {
      "iterations": 10,
      "errors": 0,
      "min_time": 8.991200002128608e-05,
      "max_time": 0.00011823399972854531,
      "mean_time": 9.664389990575728e-05,
      "median_time": 9.081949974643067e-05,
      "stdev_time": 1.0447597310121339e-05,
      "ops_per_second": 10347.264555498632
    },
    "Concurrent Processing": {
      "iterations": 100,
      "errors": 0,
      "min_time": 0.0010313419998055906,
      "max_time": 0.0028980889997001213,
      "mean_time": 0.0011645373599958476,
      "median_time": 0.0011278360002506815,
      "stdev_time": 0.00019517230037853088,
      "ops_per_second": 858.7101061348222
    },
    "Memory Stress Test": {
      "iterations": 10,
      "errors": 0,
      "min_time": 0.0014729990002706472,
      "max_time": 0.003623220000008587,
      "mean_time": 0.001742228200100726,
      "median_time": 0.001533957499987082,
      "stdev_time": 0.0006621984507905041,
      "ops_per_second": 573.9776224160448
    },
    "Quick Health Check": {
      "iterations": 50000,
      "errors": 0,
      "min_time": 1.3139997463440523e-06,
      "max_time": 8.632099979877239e-05,
      "mean_time": 1.4702676400156634e-06,
      "median_time": 1.3899998521083035e-06,
      "stdev_time": 1.304017251035442e-06,
      "ops_per_second": 680148.2755815441
    },
    "Batch Processing": {
      "iterations": 1000,
      "errors": 0,
      "min_time": 0.00017208300005222554,
      "max_time": 0.0003718819998539402,
      "mean_time": 0.00018792817299299715,
      "median_time": 0.0001804244998311333,
      "stdev_time": 1.9695150407061928e-05,
      "ops_per_second": 5321.181939214955
    }
  },
  "summary": {
    "total_benchmarks": 9,
    "successful_benchmarks": 9,
    "success_rate": 100.0,
    "performance_categories": {
      "high_performance": 6,
      "good_performance": 1,
      "needs_optimization": 2
    }
  }
}